Name,Phone,Email
김민수,010-1234-5678,minsu.kim@gmail.com
이지은,010-2345-6789,jieun.lee@naver.com
박철수,010-3456-7890,chulsoo.park@hotmail.com
홍길동,010-4567-8901,gildong.hong@daum.net
김영희,010-5678-9012,younghee.kim@gmail.com
정우성,010-6789-0123,woosung.jung@naver.com
이민재,010-7890-1234,minjae.lee@hotmail.com
최지혜,010-8901-2345,jihye.choi@gmail.com
이수진,010-9012-3456,sujin.lee@naver.com
하준수,010-0123-4567,junsoo.ha@hotmail.com
김하나,010-1234-5679,hana.kim@daum.net
양인우,010-2345-6780,inwoo.yang@gmail.com
강민규,010-3456-7891,mingyu.kang@naver.com
설정호,010-4567-8902,jeongho.seol@hotmail.com
이서연,010-5678-9013,seoyeon.lee@gmail.com
박재형,,jaehyung.park@naver.com
최수현,010-6789-0124,suhyun.choi@daum.net
정윤호,010-7890-1235,yunho.jung@hotmail.com
이경민,010-9012-3457,kyungmin.lee@gmail.com
김지민,010-0123-4568,jimin.kim@naver.com
전서영,010-1234-5670,seo-young.jeon@daum.net
장원영,010-2345-6781,wonyoung.jang@gmail.com
문유진,010-3456-7892,yujin.moon@naver.com
나유리,010-4567-8903,yuri.na@hotmail.com
안수진,010-5678-9014,soojin.an@daum.net
하이안,,hi.an@gmail.com
정서연,010-7890-1236,seoyeon.jeong@naver.com
오예린,010-8901-2346,yerin.o@hotmail.com
김주현,010-9012-3458,juhyun.kim@gmail.com
배지훈,010-0123-4569,jihoon.bae@naver.com
정하율,,hayul.jung@daum.net
박철수,010-1234-5681,chulsoo.park@gmail.com
정다현,010-2345-6782,dahyun.jung@naver.com
신하늘,010-3456-7893,haneul.shin@hotmail.com
이철수,010-4567-8904,cheolsu.lee@gmail.com
강진아,010-5678-9015,jina.kang@naver.com
김상범,010-6789-0125,sangbeom.kim@daum.net
이진아,,
안병호,010-0123-4570,byeongho.an@hotmail.com
하동현,010-1234-5682,donghyun.ha@gmail.com
이세희,010-2345-6783,sehee.lee@naver.com
유정은,010-3456-7894,jung-eun.yu@hotmail.com
신지민,010-4567-8905,jimin.shin@daum.net
전예빈,010-5678-9016,yebin.jeon@gmail.com
윤정훈,010-6789-0126,junghoon.yoon@naver.com
하예원,,yewon.ha@hotmail.com
서준형,010-7890-1237,junhyung.seo@gmail.com
권수현,010-8901-2347,suhyun.gwon@naver.com
민경화,010-9012-3459,kyunghwa.min@hotmail.com
정하은,010-0123-4571,haeun.jung@daum.net
하진수,010-1234-5683,jinsu.ha@gmail.com
주예나,010-2345-6784,yeonah.joo@naver.com
김도현,010-3456-7895,dohyeon.kim@daum.net
임지혜,,ji-hye.lim@gmail.com
정시은,010-6789-0127,si-eun.jung@naver.com
이태경,010-7890-1238,taekyung.lee@hotmail.com
최승문,010-8901-2348,seungmun.choi@gmail.com
장태훈,010-9012-3460,taehun.jang@naver.com
윤소연,010-0123-4572,soyeon.yoon@daum.net
차효성,010-1234-5684,hyo-seong.cha@gmail.com
한승연,010-2345-6785,sooyeon.han@hotmail.com
서유진,010-3456-7896,yujin.seo@naver.com
황지우,010-4567-8907,jiwoo.hwang@gmail.com
조민재,010-5678-9018,minjae.jo@daum.net
황민지,010-6789-0128,minji.hwang@naver.com
이준서,010-7890-1240,junseo.lee@gmail.com
강서현,010-8901-2349,seohyun.kang@naver.com
정다현,010-2345-6782,dahyun.jung@naver.com
정안나,010-9012-3461,anna.jung@daum.net
노정훈,010-0123-4569,junghoon.no@gmail.com
구민정,010-1234-5672,minjeong.koo@naver.com
엄정희,010-2345-6789,jeonghee.eom@hotmail.com
범수정,010-3456-7892,soojeong.beom@gmail.com
이호진,010-4567-8904,hojin.lee@daum.net
정지윤,010-5678-9015,jungzee@naver.com
김지현,010-6789-0126,jh.kim@gmail.com
이지훈,010-7890-1237,leejh@gmail.com
